{
  "database": {
    "rules": "database.rules.json"
  },
  "hosting": {
    "public": "dist",
    "ignore": [
      "firebase.json",
      ".firebaserc",
      ".vscode",
      ".git",
      ".gitignore",
      ".editorconfig",
      "src/**/.*",
      "database.rules.json",
      "package.json",
      "README.md",
      "tsconfig.json",
      "webpack.config.js",
      "yarn.lock",
      "**/node_modules/**"
    ],
    "rewrites": [
      {
        "source": "**",
        "destination": "/index.html"
      }
    ]
  }
}
